"y1","y2","y3","y4","y5","y6","y7","y8","y9","y10","y11","y12","y13","y14","y15","y16","y17","y18"
0.090270680914571,-1.08483447349381,0.361354554138909,-0.304706229090555,0.862806568815543,0.247996084883807,0.522407521146968,2.26274484000315,-0.361793678673405,0.269208543415447,-0.210804469263705,-0.441655410383874,0.36804517866453,0.762303184670556,-0.240819983152923,1.04208564481203,-0.429421727276424,0.702444628232657
-0.722843062611771,-0.533236667118761,0.166455654343887,-0.832039194401666,0.509182547801276,-0.642771287604133,0.533320463708612,-0.00572124780932336,-1.0800928981127,0.0318993670674287,0.33588262454063,-0.783239414199105,-1.13482391121393,-1.69050284917616,-0.0682301410677506,-1.48115077337547,-0.00225895983754715,-0.172261362998761
-0.216320919552164,-0.347376051179706,0.209748831709201,1.63474367893439,1.7327692264448,1.10892679660794,-0.320237167398011,-1.18309927864357,0.730119580048581,0.0475720169108608,-0.376996273361941,0.434445091400493,-0.944148669477393,0.373957509614828,1.05864324634356,-0.830077055731396,0.221699095110493,0.0577799627556194
0.826113680119401,1.11225687024328,0.399822740828765,0.0278255072968515,-0.65021996497848,0.97455635131729,0.851606515984202,-0.229282516776374,-1.84214585406639,0.0767227055050148,-0.378431147256213,-0.577645626191152,0.877572923976246,0.99361168377652,1.28350901479449,-1.30533538272103,2.52555906198494,0.545263635634279
-0.642828451753492,-1.67780702066482,-1.67592575148251,-0.393242440060297,-0.275990222326361,-0.713765433520876,-1.81150697133025,0.147879044162552,0.847800843752399,-1.09278039321642,1.51330298897157,0.711330042914221,0.405258419435464,0.417131024275716,-0.375062915853301,-0.144859965018323,-0.632269601794793,-2.29867580984863
1.10871096632642,-1.15097441194149,1.17905207663327,-0.482001376131581,0.594635473686073,-1.20687701559138,-0.332096325170775,2.15257999713128,-1.31257520632766,-1.70958533654317,-0.216914955056616,0.286954661924323,1.01229465896388,-0.568937991653919,0.166204880577553,1.10594260775759,1.75219468649765,0.926439600413089
1.52381550802921,1.27512146648187,-0.548423350831304,0.75207957933016,-0.157111264504657,-0.429939608124038,-0.270381845334292,0.817707100580187,-0.381650328864498,1.26131925203644,0.0115865115789217,1.4237973364445,-0.491318534956752,-0.0986423771614241,-0.210319879506895,-0.178868742172572,-0.275092279875389,0.811109385084424
0.557762633735236,0.52105930007592,1.2581892037804,-1.29268340482173,0.759321682861243,0.730781292488437,0.121818467782822,0.048211162299528,0.523613964130736,-0.0455517539711136,-0.679042491386393,-0.701041985342625,-0.941765234637584,-0.963024097176294,-0.0303977275198552,1.57338391225806,-0.375935577650346,1.82129139734026
0.862587027483412,0.863183968066599,0.864347548682226,-0.380705840731381,2.21036376096108,1.08158965531863,-0.134391136911584,1.55015077064859,-1.25308078996081,0.416549407589466,0.1313767852031,-0.25823420876996,0.192417174197735,0.534017674131354,1.77559089086759,-1.22974550974334,0.586782693134658,0.412561707200763
-1.02909394131878,-0.992523065525061,-1.4736527227403,-0.268302377637704,-0.6690859399645,0.192487355815549,-0.0970330658169929,-1.12917791316199,-0.0586625970329954,0.284632158300879,0.673149789041651,0.612695401578284,-0.513109815087971,1.59125663626022,0.771715248795362,1.31663920063143,-0.185607077568465,1.30717012218689
0.0324427103612935,-0.893603954041701,-2.09462396768204,1.9748050844793,0.79490892529906,0.429256681580466,-1.04984319709193,1.60098532759168,0.838600376716134,0.248341382625703,1.30447720261568,1.13347745070719,-0.820941950494401,-0.282782034476693,0.46394820869362,-0.184066909522223,-0.177365418898453,1.10471314952739
1.09299737155606,1.91079578979659,0.755875008860714,-0.32980586088644,0.652993742778463,-0.836719063882556,0.090869638941129,1.66479702308276,1.47149578665128,1.04465029153295,0.269609167488022,-0.962802309998059,-0.788704900037442,0.586676501024625,-0.450554532720258,0.368671659307306,1.86292769003082,-0.494092900870457
2.0330246151112,1.82886248254984,1.08189017629891,-0.109580233485887,0.734738811563734,1.58333066443077,-0.58339397550965,1.56176434159586,0.383743270716689,1.19662167260577,1.165306242246,1.74852419526642,-0.655770409054683,0.588822608463022,1.39302657779055,1.4148825276859,0.140543775232401,0.471847551695749
-0.512519358894073,0.0310586063724931,-1.07311780076008,-2.12956664692936,1.06749090157662,-0.0868587450765215,-0.326852179832411,-0.886653016233472,-0.848692171368004,-1.14909315733928,-1.82747122113507,-0.369407814269611,0.191141327917492,-1.04250498553096,0.15508479960286,-2.0015007347823,-1.3105754061806,0.385566191042424
-0.939396398553048,-0.224857888756076,-0.79062705222653,-0.132573615656169,-0.289183321117574,0.262101374523598,-2.01217022115889,-0.983590429584457,-2.29513971500339,-1.12568619468105,-0.980096834943378,-2.11635914025586,0.486185531704763,-1.61791750199942,-0.353879968016228,-2.71580874345018,-0.390340759072054,-2.89600878810167
0.299689032404361,1.0749313383896,0.904858041838845,-0.177531987819066,0.598993188416404,0.130264959937256,0.0971919734223946,0.173967251140854,-1.73256208224715,0.44184601048803,1.34674083906997,0.693628208763025,-0.0915875290979676,0.406098647728372,1.06662040756621,-0.872981932489596,1.22398110840695,0.401308483165148
-1.43858911907373,0.00845788779253293,-0.229802440737491,0.179656024672203,-0.573512763791049,0.821176549293062,-1.65602757284717,0.612902862388034,-1.64135070318244,-0.52533861299802,-0.106765457900805,-1.27595631677768,1.41717590200834,2.27713223575513,1.02258670058235,0.253974492890764,0.0649896316877323,0.496411772870564
2.2028489989873,1.00816768505654,0.353626391683575,0.918831984802491,0.635728734012443,0.411804210281879,1.05313774136564,-0.439394387894933,1.2937591112834,0.982200232995359,1.832794251133,-1.10498732051505,-0.310846782463169,0.643651041472561,0.946219850697337,1.16187652237907,-0.0191702895688226,-0.283511752423337
-0.799671116750516,-1.07976405376477,0.318051224415011,0.647280607998949,-0.547755014365961,-0.090907375807393,0.186313353294548,0.142668657757334,0.678051718073487,-0.00888636397712812,1.02275805586582,0.692643236654014,0.593599174321059,-1.28332857128225,-0.592636406003672,1.71707394116761,-0.332687657940768,0.0027160404617439
1.62946218885721,1.07601918778912,-0.628028225646286,-1.50950542947176,-0.601963392304396,-0.359278477847565,0.169257420151086,0.518386468074806,0.252004561539865,1.11609656867417,0.989908888180093,-1.58780989787064,0.135061792022887,0.67284931755264,1.22796136772351,0.933083631496035,0.972703547303945,-0.423569308843174
-1.29293332526864,0.381378930885866,0.350990753842114,-0.0976188365441087,-0.341728697056402,-0.290869331457039,0.971491410854238,0.230140075720524,-0.0107210846067873,-0.0262395739870438,1.5625778591088,0.127219335963689,-0.114275185451787,0.831709979582434,1.10947337827528,-0.807276594024573,0.88033088744601,0.351547213989862
-1.08841301547134,-1.0118859305475,-1.00609048496362,-1.46638021353857,-0.708680121066686,-1.26470603598852,-1.76474921086475,0.083927171331425,-0.952742236363379,-2.16891293526072,-0.480736593443636,0.300502205994051,-0.219887917434773,1.18405118082751,0.533642503235156,0.194820256871194,-0.438814074431593,-0.0997262440366972
0.188801653957825,0.537658366226213,0.47042760624764,0.250310455585647,-0.0353114451895942,-0.186181263439605,-1.23800442558197,-1.72280112698498,0.120802651996454,-0.641833951281463,0.505033139077566,-0.648313539711617,0.192650928863319,0.936345779667084,-0.884953230979888,-0.147590963051582,0.193312849400828,1.07657703137153
1.93249672832148,-2.68103192361604,-1.05073161110784,0.762742057964255,-2.02880899531268,-0.482170150838039,0.439334034752941,0.512603342279597,-0.341029276584147,-1.8365184353413,-1.55403592021212,-1.21447916729267,-1.48858044674291,0.210752585665039,-1.39349615813067,0.667424234356184,0.649708645887019,1.10732580692136
-0.701152543808276,-0.692339733504104,0.0772722856167854,-1.64540088933635,-2.11970804433809,-0.779132916675545,-1.44486536496183,-1.38425129067518,-0.223508547715104,-0.597157393445099,-1.20153083512143,-1.66542190662991,-0.0565112243142534,0.461923823811329,0.469201744165357,1.3521734495986,-0.881964735337832,1.22086140980942
-0.468811241408083,0.157363791936176,-1.41629726258822,0.0517980683199745,0.135507110583306,0.69196031353256,0.647521152324527,0.96359942785958,-1.09059682651168,-0.432593948310995,0.326460524281313,-1.05114242772704,-2.15137248621903,1.55675288203915,0.233656982879823,-0.30359674327923,-0.264331574554889,1.03222571411544
-0.0864013818026331,-0.137759925263552,0.352135495854674,1.55398485512976,0.175120140688544,-1.47368676574993,0.709639945402126,1.53982963885257,0.236636919257855,0.204445823782974,-0.225214847075559,0.142382189196721,0.37849734404024,0.265847838397906,-2.20395905722218,-0.869059935976797,-0.0868353498743002,-1.2410707210364
0.208562483528056,-0.342557141513531,0.484132304041911,-0.306405227114664,-0.570441886475947,-0.454897994132515,1.11177186902143,0.180687406987991,-0.528482997781583,-0.18005629221784,-1.98838134755575,-1.37092470934164,0.666594146722157,-0.233469939075716,-0.133463648910168,0.858199471750788,1.14599942581929,0.729595883940183
-0.896945731277247,-0.282659562020058,-0.604843826506198,-0.863867639471277,-1.20593962199434,-0.145334673063777,0.423590109405824,-0.606377096720627,-0.148242500391931,-0.377099569009703,-0.0140849248213573,-0.251793386491037,-2.13480263379548,0.441308175213104,0.241752737839657,0.0915011582520368,-0.337724001535213,-0.936940848395198
-0.963996502332504,0.0811973135262482,-1.23659578780828,-0.492862709014493,-1.28342956449204,1.23915756916867,-0.663255430795088,0.21720408449726,-0.506737115182805,0.146361995197662,-0.137597615287103,0.250915264865927,-0.400780099690434,0.429451282731727,1.3571456638869,0.24714612871411,1.58424627376944,-0.186642819377423
-1.61651740184181,-0.456056918181527,-1.39218058672256,-1.13408361051747,-1.47017047992081,-0.167907322408892,0.00632615978364807,-0.885370243430432,0.0500519600712276,-0.799456916729112,-2.09701974537941,-2.6454614801439,-0.378128607365146,-0.314547868971531,0.891252707931117,-0.240379845635908,-0.385908585757424,0.135021963816392
-1.53433378064749,-0.919202113111721,-1.50620203160886,-0.900704582757443,0.0582865765612303,1.09023707196219,0.36274680663184,1.16795297446218,-0.271850322830237,-0.568659275213796,0.0854904580336336,-0.252104705854806,-0.642924831154706,0.863717242282648,0.792472199306015,1.7604510067707,0.370490332461306,0.475584176943835
1.10646628359078,-0.172557617998955,0.579394638545619,1.51571966855737,0.772260219063645,1.30893541208815,2.11625478361283,1.30601140076882,1.1043717608862,1.12042516832213,0.366602432111296,1.43878786654342,0.402295539336426,-0.433398528199115,-0.390670979486766,-0.986625570541104,0.999899351529763,1.19868279557732
-0.398671730816936,-0.708110677999393,0.315038126707839,0.535587486042983,-1.01563151769338,0.949603597534272,-0.104311631258098,0.506377552667593,-1.02435154688856,0.529416856775451,1.06575856996374,-0.135022174349498,1.07127638243431,0.295479058715942,-0.214678459252109,1.85084988869879,0.446773423495867,-0.792673521194451
0.66798622678097,1.15058807092046,0.359266192250742,0.663645472807052,1.37468547022915,1.6375607405598,0.993085088391498,-0.377778920349575,1.60664196830365,1.79472320409832,1.06338089660325,1.0074273709254,0.774934524396566,0.165553651714293,0.839003696432573,0.543386144031961,1.18664709354997,-0.0930434486133623
-1.4073964923354,-0.698593972696862,-3.07245912387304,1.05723372341409,-0.786241753457856,-1.06299824027889,-2.14248763818186,-0.414130424472583,-1.400743590691,-0.816720518401015,-0.38708540202161,-1.05231795189983,0.184227290957003,-0.868873908227271,-0.448443346303704,0.215986013330707,-0.0209346054237149,-0.631046860789236
-0.147501819790584,-0.360334207135132,-0.156680888965956,-2.29185106629279,-2.74216684584135,-0.850774831252963,0.350312975826296,-1.31663013391547,0.329124832121365,-1.01297717433955,-0.76656672288491,-0.398521211794142,0.547887124706629,0.772071022751214,0.046998657305505,0.0657699411844225,0.0870152412977516,-0.267193190978694
0.117769196261932,0.0800129171309682,-0.873887818565331,0.610370777943782,1.06784446294253,0.665953715740927,0.544341134846693,0.615188966176428,1.00391104360035,1.25539120778133,0.802424285704456,1.31703899210217,-0.380254657832545,0.905030519991106,0.785716283954915,-1.35051836297717,0.36797750274719,-1.47742653760872
0.959096022890818,-0.0561239006583667,0.941192644732998,0.813656887933033,0.524631487865865,1.4661613927979,-0.630567297270131,0.742534681227326,0.996716901868788,-0.361885456099544,0.238508806226,0.453228414610558,2.09352767362241,-1.6807571343641,-0.618877553757536,0.810538644858542,0.035815631956787,-0.174087735990905
0.723573583022702,1.5869967419058,0.985339581345438,-1.61672954650311,-0.577284375796498,-1.73517350673404,-0.319559269816227,0.458196347838911,0.719638002505664,0.90943698372392,-0.351961803340504,0.60509108362849,-1.29508970331463,0.859013903826662,-1.56558018495373,0.501927402537449,-0.419897378087008,-0.350932039093815
-0.526188212748177,-0.343355704890416,-2.47558236336023,-0.14387644007571,0.0563544897406486,-0.107150816163285,0.383157315589625,-0.323691938865057,0.759407850076694,-0.328158330862916,0.167313917737664,-1.13023924620605,0.152540200852392,-0.346602346008138,1.48592130052875,1.61918895027611,0.376505969386489,1.04742589841996
-1.20614197367226,-0.0773490133386933,0.0473414835181951,0.1390647055802,-0.0151493459500411,1.04645099372698,0.365329951984701,-0.161127832248151,-0.86278433364715,-0.608351666540428,-0.426807248683839,-2.78907524093017,-0.368676527697825,0.635633835802741,-0.227066740619889,-0.990459482551677,0.488008100791312,-0.795182597284635
1.45556166331103,0.462262494248445,1.57544165825669,0.0404129065308055,0.509407121446256,1.09843127816574,0.338466410594737,-0.426845175844714,0.176452436742622,1.33618248908138,-0.171403645354099,0.245888908933763,-0.092457777125937,0.838780522999841,0.688526728774102,0.188137884917179,1.07917392218581,-0.827737051137138
-1.23681004219833,-0.0261540403381436,-0.325996056673637,1.89782208325478,0.0669467617991932,-1.73809873207721,0.524065098458167,-1.87443315848839,-0.492526906983505,1.10474531419106,1.06041594299138,0.116155823157281,1.31117213039039,2.28531720295316,0.283188116278281,1.18034452985889,-0.239165958547639,1.74009334935681
-1.35554785558227,-1.36098006975604,-1.81327290836229,0.82400600692693,0.0540808942329564,-0.486020149895203,0.093712766166924,-1.45760620304353,-0.234427986094675,-1.15731388620505,-2.7280349629232,-0.775564667398844,-1.03274461259177,-2.9572324204032,-0.822377124845279,-0.91202562972995,-0.152617695000715,-0.914614602143884
0.522949358554899,1.92697595601411,0.956023946780667,1.87898208991843,0.466731084945243,-0.957250449377477,-0.266834937206226,1.45570649266616,0.53591458853955,0.578035436983933,0.538955412485377,1.28096651794226,-0.832733632414338,-1.50052035963435,0.0282262331602112,0.891582754237417,-0.485260651742544,2.47562068874164
-1.09624782582978,0.0638120659926748,-0.679099206733655,0.967754814802903,-0.0914575887330101,-1.40571866977758,-1.40220796358363,-1.46906952046351,-2.37974986980906,-1.04861736408413,-0.896412443603524,-0.973486582635097,-0.297716473475069,0.0281592255119371,0.447785075214826,1.20639097277125,1.01448303576034,-1.24455415259688
0.0951478821902107,-0.94211312200292,1.25797686546354,0.534337272731502,-0.592285018646852,-0.42920087558862,-0.0895239391611858,-1.38364009107171,-1.54695716275345,0.223487741927353,0.267221580247773,0.120791826892731,1.81963719177282,1.07199079282637,-0.596657068892206,1.25287078563056,-0.492756840228797,-0.660457996462843
-0.0548911000745672,-1.25191684713213,-1.540540341791,0.763938400161706,0.714423961849543,0.737356282464256,-0.497960940120707,0.705467381073305,-0.465722710764846,-0.0655534212752776,-0.913758030795622,0.0767999863276583,0.761005936712172,-0.369859124643018,-0.350608602751955,-0.0355117049981186,-1.07319550611225,-0.590890806979972
0.795702843815903,-0.344149760023872,-0.496663063234499,0.275237544242646,-2.2298185226103,-1.98018119920246,-0.750237374979231,-0.289938500708372,0.621217550378399,0.453202575477102,-0.536739594587409,-0.508814938260935,-1.62944917169509,0.37341044557922,-0.338895686279534,1.2154516413381,-0.583458862867963,-0.564575936809073
0.141444135860523,-0.888575967258704,-0.847734405329165,0.000153287385482433,-0.0883676492359846,-0.98555011390816,-0.826037164402312,2.07071145628653,-0.492384007264822,-0.970292339307755,-0.234794749260482,0.365356571311787,0.93172397970018,0.490757212584716,1.05457116313719,-0.240068467715516,1.13782100832862,-1.91036520982121
0.692677024915304,0.129573374814165,0.027842029160924,-0.600314210869673,-0.374599337337856,-0.075404988315301,-0.206653196645825,0.829607195756246,-0.534837898744555,-0.187783506858833,0.431473637505944,0.504464803871064,1.2355872303876,0.997435951869671,0.858501514467767,-0.358279573038112,-1.75555435836293,0.594917408557605
0.816939465575707,-0.324092199096701,1.27286380441847,0.389405909711981,-0.600897063248881,-0.0909845719010515,0.207094661436201,0.214612274064245,0.574315298674913,1.30644492417259,1.26102320442666,0.726460757231057,-0.0904620078070434,0.0511451525768402,1.61153278454599,-0.00825109221561336,1.95169259298102,-0.470946877979141
2.47241774910269,2.25103807572102,0.803091950234949,1.3420983904368,-0.238896710755966,-0.00956231045910404,0.344668934240088,-0.71330749026769,1.06987906541765,0.636508134865854,1.98408388536061,0.853363292987103,0.51477720496907,0.100868689629656,1.52469685660798,-0.226960359368632,1.46963395984673,0.787496340795327
0.0630500398249563,0.409075333021008,-0.245745596540103,1.69710665078402,1.03119241150858,1.32613194698397,-0.696502730719311,-0.458920562653903,1.33903621431118,0.43981625689094,0.800405420442994,1.24420424738295,-1.28806965411377,-0.138521188353247,1.13944447775333,-0.24043433668722,0.78570257308816,0.24007772594032
0.155711962212906,0.157675591218707,-0.100270473203257,-1.47568246899795,-2.10689485393239,-0.800383649295186,2.16249216478422,0.576932068899749,-0.173130224748834,0.66566900923559,-1.10976346674361,-0.351227210593417,-0.663872239410018,-0.252535505497567,0.0963637576940756,-0.663449719214904,0.0394071536727915,-0.141207793121742
0.708553632123691,0.792641570713674,-0.342991685671664,-1.65382228736877,-1.49588702337652,0.382663183498606,-0.0376664989929796,-0.0456097165689363,1.47425460422831,0.400592428461185,0.0428884523157732,0.722993651066363,2.18490264209915,1.46314725435784,1.76421426283345,-0.33412923339018,0.611953872469373,-0.629359741273814
1.04718706808896,1.17049413831065,0.384760897847635,-0.377845081300667,1.45934608061593,-0.200564635987948,1.87011027981852,0.292707278240401,0.684787999365071,1.23286157266998,0.564347456052866,1.16548868831159,1.26540739766845,1.13595707707856,0.293787665512575,2.50189647003381,-1.28724030529386,-0.222239850851565
1.91609170822337,-0.966581811768434,-1.25694648284646,0.763237859321454,0.769163553932493,1.23352604143056,0.293298511224205,-1.05566561758567,1.81260556348529,2.21586526844375,2.26587289185323,0.261682052380347,-0.195163654589992,1.43105379375724,0.912285419185368,0.663000315702982,1.01025572198534,-0.500756748397861
-0.592617213766882,0.179925856359729,-1.05760083249566,0.697861286244421,0.477193116833039,-1.73233386520307,-2.32897036873417,-1.80898353232924,-1.63238126284806,-1.43658342465578,-1.42096963158276,-0.187876714704995,0.744878868932944,-0.383101546472595,-0.929451487461884,-0.677559329964601,0.399694507298854,0.113946332793903
-2.61497924054019,-1.53353881712512,-1.76621097757329,2.14905730376362,0.191492948454986,-0.510584299279506,-1.01159389686367,-1.60342780148505,-0.0720145045326322,-1.04977824978927,-0.324137875010762,-0.272209063022315,0.951756074664073,0.767595009446233,-0.193895626660182,-0.452075935443921,-1.32956183926837,0.418631014583546
0.666617777549402,1.89652248249652,0.381558742163632,0.46141269005273,1.21851302686182,-0.117442889666941,1.78647815168395,-0.20204509167271,-0.00589804703889021,0.372318026194785,0.564011970530809,-0.126960049746322,0.70438381877288,2.15526474377626,-0.0128478483338706,0.05102630198383,1.21123186075129,0.599132008370577
-0.693279352905605,-1.05812774234701,-0.580732001759313,-0.383279759809569,1.23869581187636,0.767663487304002,0.407734442196755,0.0211103704468735,-0.236534488463838,-0.590052430297411,-0.274682296517464,-0.0611680695994914,0.365039255243441,1.42558836270979,-0.51905852131832,0.272752494826651,-0.428254324856174,0.578123260055809
0.285429065325138,0.695084633828371,-0.708093841744743,0.0228428585474974,-0.541894054398537,-1.78052567015798,0.983686755758877,-0.799464112290356,0.193325921660748,-0.879908463857904,0.524320625549944,-1.45387091876401,0.639146371570211,-1.9654414327445,-1.90438369302846,-0.476726332613339,-0.572582799891935,1.52502164710536
-0.583652770801958,-1.03118090982547,-2.0444765573835,-0.827762708357777,0.000201375357164005,-1.20697169928785,0.560609332484021,-0.0468241831645208,0.380240390361191,-0.479243660792901,0.250958403056556,-0.9372532376236,-1.17580054061372,-1.19663760907209,0.053485480242534,-1.05378802584454,-1.37274112400479,-0.248319989798023
0.000684758373409973,0.947011833601873,0.277270197171069,-0.159981856265564,0.334246263551682,0.115094973904573,-0.136751697081799,-1.01186285858922,-0.824316909475045,-0.0531622608911992,0.269888664063782,0.240690077669294,0.659986414234841,0.195154471358399,0.873168418951605,0.330233185137343,0.362056756856883,1.19664533479679
-1.66503001993203,-1.06242986303817,1.40994133268721,-0.200064486150098,-0.46251278715112,-0.375424495097649,-0.520002695179116,0.829981764957632,-0.231188814409834,1.47230830737357,0.0947617137032816,0.711768021527459,0.919808077159906,0.51805697021578,1.55483444175678,-1.1564915207799,-0.214183988498286,1.16077288372393
-0.0201695154338926,-0.345434325435795,-1.03321991600467,-0.130641914842194,0.401122019781284,0.756389560117917,0.00808257678004219,-0.117681764762006,-0.246860353551157,0.629406696517076,-0.292209818694456,-0.466755771383177,-0.754667241685387,-0.232175690564468,-0.853000347089033,1.36054316343509,-0.115689854681601,-0.272351650919225
0.41538562303382,0.621416393051686,0.238141237852383,1.08951227521795,0.386933935405811,0.0170637027689441,0.684693191610975,-0.823638522711764,1.06530242088238,0.125442991629141,-0.37783742043345,-0.143433269141762,0.735908042944428,0.394508817656595,0.00425526983413209,1.08703946206698,1.19512732138995,1.29284282408853
-0.833154574080198,-1.41493164848337,-1.09903859565907,0.559970187014518,0.0227168855091965,-1.71520865630927,-0.277675463687948,-1.40114634141245,-0.251550064078217,-0.187859533056771,0.0352445103337591,-0.51668414947774,0.427623556774087,0.318465951040243,-0.669761263245661,-0.314315953703387,0.821852725273564,-0.0702149481508979
-0.0663093562576476,-0.164538314472634,0.393374678596712,1.53768809152894,0.631062008472447,-0.82287337915281,-1.14810721050956,-0.893483339074956,-0.608315377811536,-1.04683975159438,-0.0907012796500041,-0.744539443659391,-1.70063095423902,0.518384781633009,2.85014422144617,1.08286832324446,-2.24717886806093,-0.614904967750045
-1.15060559873275,0.15627014011951,-0.438157787596358,-0.475727758263232,1.03926299715158,-0.59827482666178,-0.242008968944507,-0.402551274633189,-0.459110120575658,-0.389715183944296,-1.39905018296419,-1.16855118474946,0.359229908654874,0.491921015760646,0.349985899009638,-0.427487651450035,0.703947032094642,-0.596166882676732
-1.41948256052928,-0.696985167982083,-1.6696809108523,0.00932268517996334,0.525881808394394,0.259801153263495,-0.84253372966257,0.706545799789743,-0.527261767995048,-0.830085930435323,-1.07899379439529,0.0625728902462396,-0.34375004120847,-0.434508684985276,-0.205736981978789,-0.240841578220603,-0.827070984447932,-1.13616905157999
-0.684686487770239,0.226208321437971,0.756622518504749,-1.52281248154395,0.525687320109755,-1.59602138379213,-2.30967356931858,-0.536197658662995,-0.27888016307353,-1.72854463613039,-1.67066670514035,-3.26681748073158,-0.445862366027702,-0.886192297061977,-2.32325809532296,-0.24734446759683,0.473863360113491,0.622723832348005
-0.296585065347665,-0.599895753619924,-1.10114309917644,1.18338207261327,-0.11261228840045,1.06907605313287,-1.33230185610168,-1.13443964719238,0.660568140170393,0.466115257468281,0.532161839856017,0.183995567508165,0.6416461391484,1.28812200676722,1.92006429835985,1.32884040465,0.600876937756585,0.459186888938819
0.449124909193973,-0.0454378283909678,0.840390507506282,-0.599097373630477,0.743706675507648,-0.0327826525459208,-1.29830440224798,-1.44520228371,1.68341064616627,0.144746333142238,-0.684005085564959,-1.33562877969306,1.41834456613275,-0.122153114627396,-1.12810605867278,0.0815219601250638,-0.731477641737328,-0.138529366647078
0.640319814918066,-0.0290915114439419,0.212893940870431,0.0977542082557822,0.249279631219859,1.2480563336056,0.767124266078129,0.941388738430134,1.80708874331674,-0.542688297407022,0.487779144853603,0.0717394395648353,-1.02302210110514,-0.566425701616462,-0.018957999962787,1.98780236037581,1.23026367714788,1.73899024140346
0.503531123091408,-0.910391822371818,-0.997631762039515,0.813119895235261,0.172543389528336,0.160312463911112,0.682267714807321,-0.616247534880059,0.105564440766281,0.0596294516014888,0.185886948148593,-1.1555605726588,0.463212916300811,1.27334287540971,1.1150734579602,0.0150716816453058,-0.687133998449271,1.05585983644021
0.1473842688321,0.0139803656242861,-0.0323123572839815,3.01385041074306,1.05369302669627,-1.11247040630814,1.58776414406051,0.325339727853645,0.596668375286274,0.386857020928079,0.914502829597767,1.37777060561836,-0.180509532772487,0.449715187233173,0.230123164502908,1.91887967101415,-0.61665294430054,0.784517449964497
0.0546136663858442,-0.190594967348811,0.406068338401453,-0.363214621393855,0.337054686809577,-0.045737806746498,0.209219714827811,0.408184885210157,0.535784534137458,0.303626094060024,0.362939045509359,1.05069822063004,-0.566929599498829,0.468588042019769,2.57354196513164,-0.345910224303203,1.05116548948807,-1.08636406256989
-0.589976120555219,-1.33893338463696,-0.494111618883687,-0.645837006952407,-0.0718430072346943,0.254101967105027,-0.736204276802911,0.958590948466573,0.230248198668683,-0.922951603637577,-1.07929679983983,-0.937149291567326,-0.0189782062899926,0.47237102312079,0.231973390987776,2.64572711223374,1.06120576819135,1.38709198374326
-0.279044089867432,0.656023267825302,-0.324139199098044,0.323012149018607,0.823832590819061,0.159345523061701,0.864073195265773,-0.957149731022099,0.994636764351994,-0.295867341580576,0.327760215493296,0.176569286856746,-0.359744326870224,-0.743340753921343,-0.28971924262215,0.177207166555764,2.04410067088204,-0.945424066436952
0.846954024730867,0.197442182176016,0.249679527702477,0.497971817904066,-0.53697234011755,-0.22811756249907,0.112894975584682,-0.739030417071893,-0.415778116432945,0.656703226358845,1.62954595558664,-0.594824382635443,0.127169080414662,0.829532591802601,0.554100902436235,0.0984669135268087,0.0412430183995706,0.934617434582362
1.42607528629254,1.61762417580362,0.754923933257275,0.610727050589587,2.06049185139786,1.01143039754421,0.777643099010965,0.513620779762641,2.37433215170512,-0.429573466230678,-0.335302339135846,-1.65161324400691,-1.07781339709047,-0.465260151099284,-1.57387720133339,0.254035298126652,-1.07328825225502,-0.457011825250932
0.901276057410009,0.526312349239397,1.97888620182183,0.120994526800705,1.49079187843353,0.236144071240844,0.875882363967749,0.84041258200626,-0.457495469127647,1.26079422248591,0.96415625230666,1.73086450792247,0.968423852646546,0.13101899422225,1.08665076922283,0.346062904154934,0.696599007578856,1.01115357074284
1.47324406542969,0.501831360792989,0.294247178639368,-1.54477664339267,0.0310392254449333,0.0707814973675064,0.628354488313768,1.39602955093697,0.567565058576278,-0.852150452222261,0.292521948464086,0.419817939867739,-0.0336578976673309,-1.66310467436447,-0.804406176974267,-0.542494913447342,0.0513717379706905,-0.988794910989053
-0.991049443488764,-1.42876051037841,-1.51557206936626,-1.86949278640718,-0.0221981283018176,1.17350269137521,0.984669490578201,-1.31538170998367,0.109866205918953,-0.934601441793577,0.681452598795205,-0.530416269450068,0.413329047190914,1.02609072154963,0.318486129819238,0.719797150746473,-1.42628094850566,-0.0753627213969166
-1.33661965552144,0.510589923689026,1.00979315462615,-1.05218425096453,-0.307836764920745,1.09278861137543,-0.606659092587391,0.301377391404739,-1.39646870996767,0.419999345007026,-1.10151873920155,-0.266528047612905,0.533042228201982,-0.52280829713652,1.8928081280501,-0.00982592972486957,-0.595633725289589,-1.07609409566493
0.116462029168827,0.478341281686695,-2.1384418133819,0.38208575147866,-0.395679242703529,-0.366893818838238,0.88249194956862,-0.218487214299547,0.696001545017684,1.43408939872953,0.0528824956340968,0.296953152012894,-1.42598514008312,-0.0746134278071211,1.82137350032637,0.489797405767228,1.51758658389986,-0.0963654257853915
-1.18951320706273,-0.353813710398794,0.408144256652391,-0.627878361517997,-2.76137670985754,-1.78768837303076,-1.36423726723956,-1.65361294857646,-2.24341133801453,-1.61615701810389,-0.983914825099866,0.483008241520787,-0.413540798041293,1.43181151459633,1.6525885034034,1.25958297679297,-1.61144711064871,1.57800784458844
-0.537714521376235,0.53681013022381,-0.431999269934626,-0.678286990904843,-0.922033118405263,-0.0269945324321706,1.2644995306807,-0.784418099254707,0.188700942071848,0.826757658559779,-0.331868471670625,-0.0282679962883013,-0.314478604885686,-0.4998934434496,0.25249934427382,-0.653308127887324,-0.180804445816537,0.114355248012676
0.983695232607128,0.833507344719013,0.956941629527502,1.95765513243243,0.574102228586084,-0.619822513763673,-0.746756508851031,-0.90904591727683,-0.644014350682705,-1.43041253376676,-0.676664547301167,-1.20786131152665,-1.83905962864291,0.210544166084333,0.310319539769651,0.528349739677846,0.94921890905418,0.239588086276188
-0.345686146479159,1.10155464557674,1.55424491772037,-0.477662058854748,-1.44750583715719,-0.668748103983774,-1.27515584994725,0.947991344943046,0.0643951820470574,-0.832567740274651,0.158447896184462,0.72875785935442,-2.28918266231913,0.193359637253888,0.438115159532419,-0.289298819950417,-0.666452924477188,-0.976565122253429
-0.57886486857057,0.139688657545119,-0.350421225993642,-1.26740042245122,-1.895896186539,0.318328740691606,-0.0798296288119259,-0.152522819576966,-1.54791758414469,-1.18987014335254,0.683910661052557,-1.27178573935583,0.102778442402326,0.310744730216896,-0.629309838298259,-0.984153211809826,0.0812967366924208,0.764012652139259
-1.39638949520275,-1.29352652361847,-1.63877554614866,-0.397704497778086,0.255255561383882,-0.665694342695873,-1.096663895642,-1.76152045447227,-0.820974298882823,-1.16763108243171,-0.418783276008742,-1.14888587695749,2.10570508059658,1.42940311658125,0.675326435358336,1.16571497641394,0.456879486230769,-0.379520733735764
0.0375662496925706,0.953946126141838,-0.806611338396,-0.0350589919781599,-1.91414884544329,0.647129109986447,-0.474629018506526,-0.418149837641867,0.108236098519794,2.53903638978194,2.40682691355154,2.3943174703335,1.26065170403886,1.07366577016095,0.763324297372267,0.414795464768851,0.0512120684949943,0.618951571646597
-0.411127604786614,-0.394461149278845,-0.907958727866477,-0.0441713629890573,1.09467329591118,0.725998598833198,-0.534052933447754,-1.11975100150312,0.34511732727994,-0.551062737895238,1.12669270596437,-0.910424757868305,-1.81384728795969,0.757459422619973,1.28707578854554,-0.819572813783871,-1.49938757430228,-0.443218012768016
-0.714222799979424,0.00186815695822204,-0.589017102843957,0.361059415448231,-0.734817342233594,-0.74850182230024,0.381940255400887,-0.837357631453343,-0.531634744077327,-1.64068711379935,-1.66310790943474,-3.00705049254715,-0.0279705905253599,0.998775217117745,-0.57906451767213,-0.639895840657906,-1.14458223963652,0.105397067053459
-0.119868257484492,0.219365706959662,-0.188506482002351,-2.17385415592598,-1.39473428232757,-0.602184621084135,1.61338017977779,0.719817355348057,-0.405765622864786,-0.5487639523301,-0.214799035356717,0.555022442438085,-0.615998145296714,0.177477989682284,0.669207688265971,-0.843116148524034,2.01122879597946,-0.409268276176286
0.269756279118962,0.46500660900069,-0.696833252691457,0.0556225484829795,-0.0268322723997716,0.693935983513428,0.865210814787949,0.757328429830276,-0.737805954193692,-0.286263608013215,1.29111917007352,-0.283280961391803,-0.925295773265422,-0.0621876210515698,-0.105127625339171,-0.23320744207252,-0.389661403708439,-0.0097225943921303
-0.00511976593360034,-0.313550897733564,-1.39784731974549,-0.90063335859073,-1.24101608821507,-1.05222339019338,2.1335209593326,-0.668353696281749,1.75143001669202,0.450627586689872,0.878268874836974,-0.517355002349139,-1.8409788047931,0.310152460885625,-0.286913891674802,-0.592817253815145,-0.810892315892797,1.84787816245922
0.875495602836765,0.286184742837782,0.900410380194822,0.826849642803722,1.55484051521072,-0.0130433360488225,0.634742816922643,-0.268601526649487,0.183530986638634,1.7630009271944,1.66565021324394,2.0474770644391,1.18337358559974,0.682363256876278,1.51876087665629,0.906479390379854,0.351854561301352,2.17758903143097
-0.266418802843412,0.263569937005667,1.52478960797412,0.551319216474886,1.38853683215641,-1.62673357135195,-0.375721067930171,-0.961579154191829,0.526688219718459,1.06207475208042,-0.168406884456415,0.750581547174503,0.804583350646158,-0.87853686891038,-0.122278223941251,0.594928843353913,0.75380321266472,-1.03951052946801
-1.0652534583598,-1.22634581774285,-1.06196578753492,1.54703221736391,0.754526228215391,-1.55468448163528,0.0127584331992163,1.76473591768881,-0.96659137222812,-0.413825095405022,-2.2529831422956,-1.21627571396503,0.57928136219082,-0.230479244793621,0.678677962507177,0.686118557635784,-0.5603579887488,-0.806924425579123
-0.195620626220795,0.190220149994574,1.27614542676862,-1.15436974198697,-0.456303429286391,-0.563696532098971,0.0750026094920755,-0.219942302278126,-0.500453924937356,0.689844930794752,0.145360093531588,0.422181757333147,-0.813105290373813,0.923608013423968,1.53198010656915,-1.48935846101615,1.0707340624738,-1.56862431991712
-0.377983990533313,-0.860271637500623,-0.0368631632934692,-0.740894297342071,0.212518490669539,1.61475489670606,1.88535832449455,1.2871991441396,0.108801657168654,1.18646607251428,0.476481782835093,-0.00556548195688818,2.13158950725865,0.660067593735965,0.799883724377895,-0.289602212296348,1.77770113838172,0.211051459941753
-2.17127744133707,-1.10866201004174,-0.799643316086496,-1.00379866326031,-0.887097905159477,-1.018832634585,-0.319808620031833,-0.423209624277902,-1.3478017956477,-0.489810894629328,-0.0967853505330285,-0.847620812624987,2.09425401619799,-0.454085588742039,-0.234454478315012,1.65533140379419,0.607463163284582,1.84249271134739
0.818975390767642,0.0277677496480084,0.160474150873761,-1.30988700422544,0.512354400931992,1.25224707221356,0.798741018766854,1.11461449984167,0.721988326322683,1.24249222653257,0.511533123163006,1.72995335397969,-0.636082587379899,-0.228084525610305,0.212465412349186,-0.381177395809798,-0.68289850448006,1.38571674029468
0.431654378912628,-0.405222789645252,-1.22969135757481,-0.405283656789792,-2.32831821494158,-0.609598820177245,-1.17002119167568,0.341990046481954,0.282881596149503,1.15720368526114,-0.403289134891447,0.82109856685304,0.914027560919203,0.583789178139673,1.4343229574104,1.39823643411575,-1.299934571998,0.180803196941225
0.794717481403201,1.86907007790709,1.41832949190196,-0.432654311413157,-0.248511240371554,-0.735029649203404,-0.791518114788204,0.484163065656362,-1.20605154749636,-0.881615228450916,0.369998389990364,0.310299172378716,-1.17908458273458,1.13035196517295,0.286812160245831,1.05892515328531,0.372163975681374,0.538315044486362
0.157819956448412,0.090509242864008,-0.397742305366324,-0.787832673713497,0.835803500530023,0.652520008647925,1.44490297686737,0.0536859629335971,1.51191976448199,1.07722894854182,1.06189157574652,0.611702427660131,0.293183161354639,2.10992222807044,-0.238907261167013,0.741860051826245,-0.104161406019832,0.429482308750684
-0.173839219934107,0.526208042914853,0.789871421962544,-0.271130229460153,0.670449621836817,-0.854790492392458,0.561299307400356,-1.45013513924766,1.34766731547308,-0.141279600767718,-0.848639733512509,0.622880406140574,0.765759745171855,0.288717000670221,0.534978405565872,1.49803301223697,-1.75414033534961,0.305227380710273
1.49079305957817,-1.20138005752859,-0.732554753362911,1.15649526545358,0.657270195100914,-0.183089827478234,-0.296755799437076,-0.752762192416522,-2.25206638367051,0.129532189871241,-0.165163801184258,-1.90880338361923,1.22761215057925,-0.241923516991952,-1.88573417368584,-0.53255600490126,-3.37310418300966,-0.784535618269237
1.95008469679899,-0.876801021372552,0.530094216651913,0.135453480332442,0.912037146254173,0.704528300613301,-1.70733086499441,0.089182608202442,-0.564544572632489,-0.326175070583643,-1.94417488897347,-0.988547231268408,-0.245644740963438,-0.841515438621338,-0.948703011049311,0.559337148966317,-2.22124565427791,-0.983587850748727
0.0383334227492134,0.298470205697693,-0.262815437881084,-1.16204098919589,-0.221414718232958,-1.29776532254465,-0.529870532137174,-1.39129495593529,-0.479156184241399,-1.47573570515002,-1.92911585661606,-0.912953947099843,-0.126956570096564,-0.0206240469285532,1.04130073816162,0.0781469709877183,-0.414475468154257,0.249507734811258
0.0538326973861817,0.518380063302743,0.379388415937634,-0.0866396435775207,-0.541548306741443,0.650201386111675,-0.233488389089064,0.59370342650172,1.54615967050979,1.18335287800191,-0.0966257913983014,-0.027882754720041,-0.378522237465248,-0.744981080667289,0.137867771387822,-0.623427685554394,-2.19989960932629,-0.303724411943188
-1.26413090258678,-0.720995626486343,-1.01878020162122,1.30485594742614,0.502580137186532,-0.853430124261302,-1.288903936371,-0.497118310361017,-0.199990992105388,-0.89809623575009,-1.12018157857923,-0.690390338453617,-1.29894337382543,-0.751731952915173,-2.35978827873938,0.154108098957431,0.810308602719768,0.930094164702159
0.286355277959925,1.69632572809034,0.359242918073129,-1.19186179969011,-0.505828306355962,-0.420842801356801,1.14498380491493,-0.729328104639338,-0.175443742532858,0.294941825693678,-1.37343569212143,-1.10409485490655,1.43630691718686,-0.282732434891938,-2.37285121880825,-1.59832252418448,0.255800384136492,-0.110632836543867
-2.56586805372873,-0.311199178727087,-0.880240475472926,-0.254866838194784,-1.43136189115444,-0.2924828745096,-1.69012177412434,-1.07794062597951,-0.93174944007232,-0.785381897558237,-1.2005381357388,-0.617355677346492,-0.857906156932842,-2.27009000571684,-0.78504607503627,-0.626973610303985,-0.121912827269348,-0.587394269024427
-0.770482750193269,-0.938035323060524,-0.830087851509714,0.100966422053873,-0.321284961648083,0.815277424204939,-0.295064157825457,-1.17389210471026,-2.07879377736163,-0.946265143402653,-0.507060206565101,-0.0861111186817472,0.28817702403974,-1.37077646823731,-0.44783911700054,-1.98387991715274,-1.01702575977441,-0.725233776357605
-0.415549574654112,-0.518822544990099,0.21356337080332,0.525692401598617,-0.466417995884311,-0.761479566718953,-0.621377699483638,-0.184851192141443,-1.2393043523396,-0.225269722820171,0.0659610222215542,0.62031353036517,1.26372989628951,1.05893316932667,-0.248873313027802,-0.315013357112499,-0.281998595911571,0.32498531672353
-1.79219800585955,-0.304589844114993,-1.41426048763805,0.00703192393385817,-0.932286126076908,-1.08947493008348,-1.66687335815212,0.442887700396024,-2.10627035679028,-2.67523728027716,-0.0762468877709638,-1.80391636332657,0.280513986622419,0.322321814308648,-0.656897814226644,-0.590669397472155,-1.44478253317945,0.0517337479302045
-0.838580424482835,-0.326390186295356,3.02292626900609,0.358903407670793,0.496575617055285,0.020049176196808,2.80335883424519,0.0875871073376169,0.987646434880203,0.472651604675776,-1.03242168705531,-2.46733278832733,-0.553582175308332,0.276870719931928,0.637835201642147,0.759685590872838,1.89929581979229,0.339955406679265
-0.370192952806014,0.669605349770466,0.159570893319738,-0.314565327017198,0.309354832105752,-0.40500046105004,0.381000950988213,0.778096554156928,-0.694455517888853,0.118679069589512,-0.746052972428664,0.918508943778335,0.137278303353418,1.29997291304429,-1.57434695659979,0.0792751588426569,-1.13597554161194,0.932862957708875
-1.51765246781372,-0.00623831217155542,0.183174919861014,-0.801192193323821,0.920308350869361,-0.786261822001296,-0.127574121948275,0.809792013670664,0.5893163912485,-0.622130223117627,0.298557597134963,1.02312561900957,-1.39661686201112,0.337640341010579,0.733441989466051,-1.28109478453812,0.461410934361964,0.0200123354895361
-0.924584490712321,-0.550323353382907,-0.796772084562485,-0.563479107845231,-1.58409054645337,-1.29793910698504,-0.854274630992739,-0.299655968984996,-1.29841870649552,-0.835121099496518,-0.869030834621591,-0.46864860104951,-0.561370707163523,-2.0482095024081,-1.38372461042694,-0.505185811139829,-1.08834512481102,-0.783222334156452
0.529457373094447,0.161207620144556,0.925011405494871,1.82486182756055,1.0093337215561,-0.00959533215229562,-0.154067457649237,0.132188503046848,0.683746855660322,0.0173483556559333,-0.607718753862965,0.251130134628944,-0.141249398256679,0.92887975664797,0.603955358038798,0.884148581983005,0.288459642661283,-1.08781506196626
1.18323007229796,1.55124122341665,1.16565310250561,0.147463342064075,0.901348675127997,-0.396704608834372,-0.680445908395589,0.22389834262553,0.134247708986474,0.656152087766355,0.110330110238244,0.473009824822555,0.0541047320485218,0.181423534882078,2.04996902330599,1.1030658904038,0.6538871253332,-0.126783934611698
1.11785683306163,-0.195308812478049,0.895038903433594,0.0477837674382502,-1.80336864300224,-1.90335647233681,-0.249162037715436,-2.29785534689524,-0.717251489961933,-0.226867441058594,-0.487507950292131,1.22820306198601,-0.834151469661665,1.18073842987727,0.164164233995453,0.355186823461143,0.789257713440165,-0.442896717396917
-0.150865447449665,0.405806995882098,-0.539385299267395,-0.419355843309974,0.436678322081685,0.724046534069393,-1.74603418977627,-0.809282131881863,0.259362863179775,-0.0106059361184338,-0.174239199863616,0.917856334513553,-0.380051577063055,-0.76604121505307,-1.88642869319577,-0.11586915033654,-0.0713738228712946,-0.00936690988407857
-1.32242292560292,-1.54611423422055,-0.378272314816429,-0.613125037765271,-0.166570244824491,-1.34123620202611,0.253638313050518,0.696179097166015,-0.204001882432028,-0.347085348726912,-0.750337772395805,-1.24142081851706,0.410301280038881,0.329407724925402,0.785674262989574,0.635953760606715,0.503046928855222,0.649686162182433
0.90302206779427,0.665424796639353,0.0495610311891209,0.159622179089982,-0.0789455332864049,2.1787505582775,0.139774067227025,-0.123836011338574,-0.587418880932877,0.156500084552007,1.11418527620451,2.5693059021878,0.019663080435667,1.67556780063421,0.234784971528337,1.94174225871319,0.908882506381509,0.599131237108823
-1.28509608572928,-0.773502543407557,-0.47692868164736,1.08340403492102,-1.25420932595019,-0.494548271895977,-1.7995105126787,0.104413261603878,-0.672406191535199,-0.561836409860774,0.473815423904698,-0.827505488419843,-1.6326358800072,-0.666185925499649,0.155056518274337,-3.17702763033853,-1.94701874806689,-1.6273212836901
-0.637747754987822,-0.333278195831496,1.61592539918233,1.02274787877779,0.544192432125407,-1.59829854842083,0.356054283056141,-0.655331080323395,-0.379952459823367,1.63857452589476,-0.500000957590678,-0.289096121773538,0.923444485565542,0.764497035172204,0.067191311622955,-0.114787277044367,-0.478014685791979,-0.483009070569028
0.446208332976818,0.941834370788853,0.0461739671091832,0.237301078810174,0.183286842427959,1.00795219239492,-0.980480770965615,-0.0603546644381152,-0.327304535825421,-0.646648995969914,-1.2459132061776,-0.51516913688742,-0.723660203940825,-2.45564156503408,-3.2373830371263,-2.7098742236248,-1.73344383384138,-1.53109741216202
0.92061493111133,0.882545597795978,0.225712447635216,1.29810482770919,-1.14546214216894,0.393714589434613,0.997643214027422,-1.20257252835812,0.0442893651000796,1.02196598348046,0.264688346472404,-0.217856259521257,-1.98531659707103,0.00594371581423579,1.75205896855245,-0.0824586656746308,0.86581986113663,0.636719506783811
0.804523927123768,1.03927635379849,0.768492758178484,-0.965871834906337,1.07624203162071,1.74649841151744,2.49415997173119,0.327749203126085,0.6353153710712,1.07156189271186,0.58162017985126,-0.0114146886263826,0.963121696369339,0.454614319907242,0.48967666731831,0.0533574491868654,1.29387630576489,-0.842399326495989
-0.605407812855354,-0.124178893969379,0.323614495476654,1.22583727973501,0.222756687023215,-1.1228270962878,0.234028292516517,0.346017188885379,-0.223950105929332,0.234462824615297,-0.0429110449595679,-0.217106705539533,-0.403953657197763,0.281719593648547,-0.432903819956948,-1.35546452903115,-0.341825737381746,-1.38231434462041
-0.819948533050299,0.347052299284979,-0.662421460279037,-0.147529267120542,0.230533528805719,1.06783976458914,0.832318367920256,-1.33153272999243,1.07076863656646,0.24585987772401,0.457757273930179,0.797190264486509,0.0877103017372229,-0.0857667898402526,-1.04664228734782,-0.430812801565586,-0.19613135775411,-2.18223905932751
0.591110777297905,-0.12722809917416,-0.481713161698263,0.0710078332649907,-1.13642415157648,-0.821215943570119,-0.460113076892703,-0.359682986429462,-0.94604804639676,-2.0772675209947,-0.553379226933303,0.21900815563608,-1.67329702285529,-1.353589524342,-0.812563762971106,-1.15995868943002,-1.84689095026168,0.28638708140999
0.519009748844363,0.157576184887863,0.961020096100571,-1.47246877932093,-1.61917691019089,-0.404069478161715,-0.737551003829003,-0.591234600910377,-0.341582511032008,-0.00799788732332095,0.00761186847419131,-0.405954679130811,1.0168220334812,0.042627617360338,-0.392348388998944,-0.834069912504494,-1.20804183352781,1.22384122902477
-0.192580809557087,0.0853054943217315,0.292363409102899,0.472027949580329,-0.12516012139211,-0.420127339599842,-1.02374018926995,0.750007077151984,-1.4844009105327,-0.170345910389627,-0.809196619210066,0.837653908532414,-0.0364076876793473,0.487834939007389,0.99429878335704,0.0517396955797001,1.82782011405616,-1.06519771886183
1.33410047681471,-0.664083316692056,0.630161929550127,0.152243402311436,-0.183437624438308,-0.551672561095328,-0.30543345020628,-0.267781979563278,2.16110660201635,1.71575241360255,0.599778873008236,-1.13644020094507,-0.36962888282997,-0.65661563378019,-0.974980699719463,-0.407761842537196,-0.648144144256061,-0.887907002366933
0.0515611506332923,0.402821643929999,-0.228354970900398,-1.08757402981789,-0.786081288738189,-0.772015742138056,-0.777452983818224,-0.533515998136733,-0.476008114583845,-0.399510226252579,0.135540920021536,-0.955946800809237,0.064394883163047,-0.352322323636399,-0.445634608415556,-0.87745602557192,-0.530514234581011,0.238746547617284
1.99284800922766,1.65600893254649,2.81671772875284,-1.16769579000932,-0.0706146783658988,0.83600619579233,0.417441886396728,0.752472941427181,1.312488022083,0.557112153628664,0.752081764905437,0.729691459782534,1.52276064311941,-0.624568845348281,-0.323094976695435,0.707782553766793,0.0192257566702285,0.690565004917392
0.693941255000198,-0.0746409738535711,-0.408441186602206,1.33103532571188,0.840033678008178,1.43050761758203,-0.372574522823528,0.495684749933276,-0.10760630775796,1.14135462340472,0.901107183727269,1.47319648631593,-1.16383853623611,-0.50540315045092,-1.38488308783261,-0.350588688846571,0.152771836786115,-0.641276727617268
-0.144470755270363,2.01731840133075,1.76709136316271,0.135604827155338,-0.308763214398146,1.21447593382001,-0.0319160629229743,-0.98962632274002,1.11617444249199,-0.0836927641371066,0.586008805189561,0.332295284006267,1.58961987599983,1.18645278462989,-0.489769629451373,2.13961923341234,0.305865290280624,1.13228453378151
0.252127837858435,-1.33733717617293,-1.31900844452205,-0.170649402242715,-1.2831892497964,0.588766500739565,0.0537769454589698,-0.164302649847191,-0.302212088188794,-1.07498408508147,-0.876322476923238,-0.0201757071436579,0.327049189673656,-1.45319034019547,-0.75963287904625,-1.55814763812286,-1.22352808085194,-0.454169086207609
-0.984541316473423,0.0115676393220676,0.475538554481694,0.391689915912252,0.274616727857099,-1.6455022332902,-0.224362691263622,0.598858509767015,-1.58875473287349,-0.817807449911917,-0.344385477673837,-0.458257498421266,-1.16416007706544,-0.329915413871119,-0.677854499151205,0.965442223607923,2.35377010777546,-0.251244695410225
-0.547273983481053,1.17541052491214,-0.364614102015025,0.891453041616598,1.0074705670021,0.163637778684632,-0.41181481466467,-0.121882268594639,-0.608451329858522,0.0458847883581979,-0.907489868836752,-0.0523689427851623,1.13076904368275,0.230962428778226,-0.988181392928041,-1.18189446148186,-0.885586384766515,-1.06785098784335
-0.738953254512163,-0.148653620809349,-1.99080148372886,0.317989361599032,-0.377954913589711,-1.1812707539551,-1.47818933263442,1.46479117313728,0.415879339833011,-0.913630123139823,0.17344541891325,0.123261428937659,-1.00664377057689,-0.164457478128726,1.00168414139517,-0.938184942645336,-3.84821897710196,-1.30430027912877
1.77086589294762,-0.171444722777054,0.320445506390485,1.80251437673114,1.60716198600074,0.620069930317199,0.323451218333169,-0.390162331529749,0.550216503600176,1.66095355644,0.0615911064724512,0.172141856161678,-0.141688899640171,-1.05819041662997,-2.615596878501,-1.31362505736643,0.0318114107328387,-0.704252680909749
0.784350978369004,0.825806371706611,0.481341600569811,0.814959149682655,-0.848372522750463,0.266208184119196,0.0358716131040979,-0.0475718178273467,1.31799821877635,0.914742249510049,-0.265749428597911,0.381910311336346,1.55078210820898,1.39104748587202,-0.889397155096296,0.179468403766859,-0.90320734884553,0.477935332946495
1.25818550711835,1.55719714481242,-0.127468100778132,0.24262731511765,0.371940940747152,1.39490398893739,-0.081118789391393,1.83829293591431,-0.00744575642216986,0.0987781407375109,-0.594238012817246,1.29879690830733,-1.07261166890321,-0.122871891395995,-0.357720950499912,1.00435227119535,-1.08994149813878,-0.846193255400114
0.0947574225636171,-1.36505757877556,1.12332088924245,-1.04315287179943,-1.06459916862637,0.19192655505222,1.37815440286871,-0.757963802947019,0.813778715924286,-0.407363028232818,-0.975850132912909,-0.888330755796164,0.658678192499604,0.45606421159199,0.846938716079726,-0.139682690316654,1.03542920115278,-0.490221580563545
-0.416798132962801,-0.667205037451257,0.303577440654708,-0.39976760528936,1.10689835389447,1.82477196543197,1.04444185366035,-0.900882144396662,-1.83267453598405,-0.939004503927657,-0.648104552131415,-0.335453006183368,-0.968399345570186,1.17498266416695,-0.655540138186337,-0.0689258702223243,-1.07926538797076,0.0438847040627515
1.36315168642808,0.911171563257216,0.577699846046265,0.645787773265621,-1.32242556434147,-0.724271458366045,-0.671328078149994,1.37532825748893,-0.427467973691311,0.536740031131245,0.238308662960566,0.452987441247287,-0.596637993445096,-0.339504298713565,-0.193656214443787,-0.348365385114641,-0.861593164490063,-0.949904645669988
0.735235966778195,-0.0520540163116899,0.439445943270842,0.597416653048614,1.80747363207895,-0.998707221143879,-2.06477122380611,-0.309504407564541,0.783464317167247,-0.548843998396665,-0.459574514635011,1.10189895407461,-1.68009396741807,-0.755590685778166,-1.12347451369747,-0.187402580128606,0.060204700891367,0.123462361429589
0.97307228333136,1.77491402662724,2.55994010964057,0.50763963505114,-1.04821813605833,0.698318137734756,-0.959293886298677,0.920864878927606,0.191233776122057,0.632863113957703,0.0668434919157842,0.221455712220607,0.206582179780934,1.54665981196216,1.58672156338558,1.08764608364711,0.694148953951925,2.86706442388002
0.369598379618647,-0.967754444965629,0.0661222799247262,1.59238318271741,0.722933608221043,-0.502515950166824,0.306926416295504,-0.45407299303266,0.424821799237864,-0.0293474617079689,-0.361192120479446,-1.15099496732469,-0.640377127910948,1.43047877019242,0.0803291680617876,-0.516639817883856,0.179361815678774,-0.866237979997501
0.214478214326814,0.0311556474119905,1.15170234092798,0.0911998698042013,1.28874801762615,-0.778267350814226,0.850331520872799,0.0720235004963081,-0.833417456642463,1.60181718988532,0.426857411333591,1.38787495498936,-0.58476173565417,-1.1137131575901,1.29363580160799,1.40838332962291,1.14721145797447,0.348439218654298
1.33607614746024,0.441424703931734,1.66381128941016,1.43433178274848,1.90694384798671,1.87210901618257,1.15073436817672,0.676357112659346,-0.445545427777086,2.58063569983526,3.33137006024258,1.92212088517198,1.3464559103038,0.46090837505207,0.492998335548463,0.911027443806172,0.905293886931367,-0.366834461854647
-0.982083255357006,-0.699544503599866,0.202788331203694,0.759172698663794,0.415714501637631,-1.60258248745434,-0.178575717789942,1.22428106453039,-0.711288833684993,0.914306216386774,2.1702570585355,-0.596311011454187,-0.72949648540675,-0.657692250266862,0.969534742638042,-0.728972286653681,0.0511517654653765,0.0571451541170016
0.507012890559915,0.0481306361026545,0.294698420162215,-1.11941352190879,-0.0572664096302388,0.538330792883841,-0.536241398138058,1.12845908234495,-0.0927552267309575,-0.637230437227624,0.0428858397511559,1.20434976551334,0.729220806686096,-0.69533673195618,-1.00874297156672,-0.163708564695509,-0.161928994306058,-1.46152632695789
-0.972570192967569,-1.16589390226624,-0.279760326778468,0.248604711332354,-0.5389263019836,-1.97381685846864,-0.487227021186566,-0.704539742517249,-2.81808481558803,0.107208251848355,-0.147267974361647,-1.73713763717058,-1.11594394659229,1.7311384659822,2.76698955794745,0.577786125440578,0.192563149213489,-1.21677108002857
-1.79176000210837,-0.273412249214787,-0.114405108811996,0.411761961622174,-0.883014432724762,-0.93462839244678,-0.306717630488057,0.129218223387165,-0.565761978387085,0.600684315429504,1.166206354813,0.640239338078704,-1.03542515089517,-0.89137255415376,0.0514532235058605,0.217072604569023,0.685176330603804,-0.937827619872138
-0.166400996532291,-1.36252697823847,-0.192611856624382,0.381501885687461,0.28498740805362,-0.0262848919868295,-0.106147841481278,-0.133045098807554,-0.498222031051761,0.943024938408373,-0.92517294959923,-0.807223852887935,-0.713270101376265,-0.651249061640117,-1.59118901875319,-0.94275652413405,0.753164197233725,0.551994324554108
0.223360884932044,0.425078507091257,-0.475423986535381,0.342395171883938,1.14452293047311,1.53737083060507,1.41536816931116,-0.95550469258319,1.93529946005685,0.656647356545933,0.637343466463816,0.0661271487344577,0.301095151259453,-0.759342238250704,0.00858345496853569,-1.19591008980629,-1.17599705873144,-1.3765497282804
-0.0381818253184019,0.511551109382369,-1.83303035640571,-0.891925886712779,0.503620273303239,-0.360570223142164,0.555271794750431,-0.346045889531278,0.503869932375088,-1.22484304113111,-1.50986468440097,-0.816888464829714,-0.274939704258493,-0.923954452218792,0.128570218057572,2.27210355135699,-2.03235122259925,2.57383656351862
-1.84243179118998,-1.83600917816175,-2.18940065697997,-0.226788137182113,-0.176973549298133,0.319556422907303,-0.668548078065599,-0.23464523766799,0.0793622513702248,-0.869142948314804,-0.186009923312483,-1.72074416711515,-0.224957993282414,0.788704489702946,-1.26040244726597,-1.67874244261334,-2.30253360837803,-2.47986671027345
0.887081549008537,1.0946543363245,-1.13492743789193,0.910606174288232,1.26677997084028,-0.662074699941554,2.8304618200628,1.06646810247948,1.01853957666303,0.861862280609855,0.59481909092058,-0.11568617319271,-0.28974669895135,1.26159818890691,0.969109942261294,0.965608327356087,0.922419226689657,-0.729827026081126
-0.665591314215109,-1.66431996330038,-1.59556313689761,0.448735855061798,0.517820929108999,-0.639085585135859,-0.3626434007751,0.616590729120317,-1.65939252385906,-0.654117358680294,-0.575480451316224,-0.463796561808785,-1.6418181790125,-2.92747364707436,-1.67215942663185,-2.17585952733249,1.60457574109925,0.240340995061137
0.368932103568012,1.67225266356835,1.05369506056686,-0.72719566290371,0.713571195685689,1.93612373107614,0.222004722143405,0.663734634739179,-0.830819744174656,0.553774026378673,1.17490965689695,1.15935519069015,0.51473214180657,0.461775147794301,-0.574243219116444,-1.00311232440896,1.12759692469239,0.298479840077814
0.0239120080637654,-0.19741137046243,0.752173309584998,0.375842050121458,0.045065643730479,-0.385869135474871,-1.0094344997139,-0.197580543941116,-0.802320823444002,-0.0674231894840133,0.432714723204923,-0.881527692826925,-0.621024633078583,-1.79405077450492,0.334436549048797,-0.904238726290368,-0.0316340324936892,-1.26300438344296
-0.946794507853664,-1.30110135401778,-0.643888602553609,-0.80352801096831,-1.25117109962329,0.419783050465623,-0.48551888584949,-0.756668464847193,-1.67492528950164,-1.09975542352781,-0.893411402067998,-0.263990196836146,-0.300228816873737,-1.4336073844642,-1.96229126886311,-2.12221947764884,0.0379887381496775,-1.02057427423208
1.11924632162522,0.813668011983335,1.22882692037775,-0.896971640615951,1.7631104859561,0.422671932354945,-0.550755432700701,1.30747110998283,-0.166018784953626,1.18581531259127,2.2508486197298,0.811581346833327,-0.583549105229507,-0.802838804824186,1.65129104979641,1.10070186524844,0.631293617713467,-0.148691306065758
0.131364045359776,-0.617583805729477,-0.472758276350322,0.34670460655553,-0.699516120744161,-0.403567897056216,2.16342560297872,-1.59446165494205,1.10285889917821,0.347675323882038,-0.636924916413984,1.64511284011001,0.945370155374242,1.45266378408852,0.453057699655911,1.61680105626803,0.594969604249076,0.0948103438508345
-0.803209764423037,0.994354401099817,0.189646012983476,0.119400901899385,1.27881354736559,-0.189011857655692,0.47046515392488,-0.731933557366707,0.0230423708561113,-0.250899350708711,1.37493195815606,0.445047858177875,-0.350322542703355,0.77469897211825,-0.287100037634725,-0.107560470000977,0.111066175721767,-0.440955310696661
1.2328262480312,0.647783568853698,0.347328892222134,-0.227844701133248,-0.209239739069451,0.0290585592134406,-0.62113848020465,0.0166553402795065,0.898982469064841,-0.514149197194555,-0.368785553915058,-0.124987193155452,-1.8922063967006,-1.4335272771301,0.469080709718947,0.867947600426828,0.601329257239294,2.74271549517058
-0.517190557754691,0.205259098512156,-1.00747398381757,-0.363431957740997,-0.0897072556239457,0.0531087984803417,-0.712555727995103,-0.535159583487907,0.203970028570992,0.0468836324205223,0.443188544139364,0.460476755130075,0.22897013128511,-1.93809052343013,-1.44833321100431,0.133644326312998,0.7833181490058,-0.904160324266199
-1.51100822028571,-0.352235661740135,-0.410175410635894,0.595524287059323,0.439374495782069,-0.896118794757686,0.901386553224414,-1.28721922957668,0.785678157560487,-0.091598575770956,0.679089243367298,-1.20686725628514,-1.22146540985003,0.436142342961704,1.04650756460767,0.815894292768372,0.703490652843683,1.17525901305303
-0.149542164080628,-1.0772600155668,-0.204842591270986,-1.55703538069943,-0.847630897547839,-1.40801619262875,0.615124293878512,-0.806257798194389,-0.190787222634403,-1.44215341242083,-0.113770291693427,-1.68077866675328,-1.55036772011475,-1.4356037431576,-2.31187535833388,-1.79677590749425,-0.0161396236997554,-2.02829296682777
0.181559890918809,-0.0476994100307593,0.497251114615221,-1.34048909811637,0.0870638329651404,0.0481303039861155,-0.520261141484463,-1.18025350820533,-0.402714152283324,0.560735019523979,0.36501543922478,-0.280921635550039,-0.690375659481188,0.0482689476566545,1.75991408331061,0.330372466463048,-0.872398968201133,-0.00627051313780698
1.55273909066435,1.60019367176282,0.482091374129458,-0.874318519944766,0.843421714948427,0.34429160985426,-1.21770563327278,-1.52112545077356,-0.00866893122000247,-0.093921358793858,-1.49734820497402,-0.884303286020609,1.85939450589027,-0.0353369258465677,0.724009947636846,0.304579231235826,-1.12166886018925,-0.0965354793634541
1.45729700155634,0.384117546377712,1.35142866313674,1.00970064877847,1.39997295854093,0.861798438519625,0.383294484323707,1.09843334431629,0.718203701919445,1.76936393792047,0.607199138446873,2.14839918677372,0.683969341643243,0.293179212209143,0.107388892076047,0.54477222978438,-0.444048505819023,0.55488857776415
0.239455558333534,2.16223789118304,0.186081325629661,-0.700109822007798,0.154824529747753,0.994141342266099,0.37286112960412,-0.800151160982855,0.512617753785021,-0.117369191168948,1.87895677501776,0.835262556362399,-1.49274461091234,-0.681227854856712,-0.0288924900298102,0.951924351328334,-0.777973525228011,0.533025928495134
0.534482178763749,1.27505308685357,0.335977605473369,1.23727080366656,1.15783123170149,0.221307106840483,0.341866608332677,0.761060581004686,2.40074963392758,-0.787544936548537,0.184539313794958,0.0767610446028803,0.830910237539368,-1.01844570624313,-0.158684266496912,0.816077729902572,0.906988798554125,-0.794534842976375
-1.24424163867722,0.102049457808758,-0.325459257311616,-0.0354249719194253,0.0699945117945494,-0.103578893165199,0.552174101980456,-0.932146245023049,0.53935670961946,0.441167029407107,1.14342278611001,0.644227499408309,0.942813456752103,1.1124398679417,1.19375478015839,-0.682671637307934,-1.30608041326204,-0.111516933012705
0.329262410278055,-1.23113043034179,-0.445655121466345,-0.10086602239105,0.519118760970757,0.20999506007665,-1.64414975161823,0.566015401367775,-0.109445152722182,0.53678397445721,-1.83022218808123,0.72493045947942,0.506383389008338,-0.940739114803154,1.73936970609695,-0.224751122475256,-0.620528590799822,-0.447582883948007
-1.38034862770463,-1.15576250086537,-1.50226177691957,-0.221611739955236,-0.981342823010508,0.0462092357930399,-0.181806990623871,-1.20051265915855,0.0322745469540331,0.624931109081932,0.343126582437327,-0.127657173658829,0.343929118083712,0.322985426905645,0.439675852182756,0.00235628078450228,0.763518276702449,0.224354018427044
0.880361200112279,1.10176533635726,1.49809976227918,1.67773626221001,1.41237751513365,0.447693612656486,-0.517018546335249,1.49378777556157,-0.232539076934092,0.184722264666553,0.714689727884192,1.01911424528752,-1.14438450756449,-1.14915750601088,-0.288582576489541,1.10072397934896,-0.137140165733965,0.758764422985167
-0.668781299727958,-0.799677231276336,-1.65728108429488,0.00885376812545051,1.82329865585685,2.11124294628717,1.0129534088466,1.91391627732341,1.06413952568146,1.08846132950874,0.811965761439226,0.759440366354476,0.593213467299588,-0.349365248210287,-1.07550232035227,-0.571983032464807,-0.462963218459477,-0.796212448493126
0.144123239314223,0.522515610377744,-0.303142698619639,-0.435473307872129,0.0516293126467332,0.906449052983456,0.294061898355565,0.763590573068193,1.64260622499602,1.12275887222826,-0.694256678568374,0.173737763128594,-0.737642708800707,1.3242954528897,0.41427062327831,-0.149854319038279,0.834410939142042,0.263507677455984
-1.00672099102907,-0.280398964475589,-1.67657525506246,-0.652056243019295,-1.23131298695619,-0.612240759652505,-0.990927788359692,-1.05973017374233,-2.33800338817732,-1.91067784979629,-0.637780066972742,-0.854554989162093,0.306736999346105,1.29255721092091,-0.305255422460153,0.159591968108821,-0.607929930386594,0.380476326869477
-0.808064183590621,-1.16895667359537,-1.77536385982623,-0.0845667524405746,0.453366693742353,-0.282052301723992,0.733418895947574,0.049834580337044,-0.978760347478581,-1.55853264022761,0.332642152098571,-0.59125515692191,0.934911007535614,0.0159896577052458,0.284654832600786,1.06034815867181,2.20982972222963,0.0360781471372569
-0.567551337728304,-1.94709535347261,-1.68178748451142,-1.36171456344166,-0.312103137533542,1.00221203325331,-0.615955610807057,-0.154133696850946,-1.16164949839717,-1.14244213396695,-1.19737347978135,-0.292912804635258,0.858835570113195,-0.158084440447714,-0.7747779868157,-0.804735623387942,-0.539033241458861,-1.7075909138408
-0.297810024096617,-2.10065635402854,-1.6996207423603,1.77930645949783,1.1576082485555,0.479729455392913,-0.131587592305313,1.01452067069979,-0.110531420441653,0.485745830565074,-0.08971002220223,0.954447174878389,0.34793181818387,1.28133758733981,0.483708028628335,0.538937493766204,-0.963970720844626,0.425727075801248
0.261773025848329,-0.00783803132324023,-0.633323417462429,1.23662758676226,1.18287689773593,0.0716944172387217,-0.610342792179286,-1.7110166005134,-1.55423316788981,-1.06124594962591,0.078551248174449,-0.714362184269433,-0.536625455411236,-0.796338854550201,-0.42577399637393,0.346525798676568,-0.603773033719431,-0.217157089336598
-1.23226207771214,-0.0908388749522431,-0.130740656263049,0.118653614270257,0.0992707687451785,0.340474376529119,0.352197453062587,2.06341223495617,-1.46770583614716,-0.00926580929024402,0.452212217798637,0.566061107644186,1.60139969429882,1.4627199878231,-0.230268950389856,-0.35179025327852,-1.09472750202376,-1.25582828523422
-0.729376539172043,1.03657969790342,0.422402037205681,-1.99926610556701,0.574920370294241,1.39272319558942,0.833651144465615,0.39942366702829,-0.221262044452772,0.392253564491088,0.246533547281104,-0.0416098254907406,0.617397158995786,1.14003190768212,1.40339930047438,0.878966775761802,1.05921750944921,1.94830052578291
